/* =========================
   第1批测试数据
   涉及表：
   1. sales_customer
   2. sales_product
   3. sales_business_order
   4. sales_business_order_item
   5. sales_order
   6. sales_order_item
   ========================= */

SET NAMES utf8mb4;

/* =========================
   1. 客户主表
   ========================= */
INSERT INTO `sales_customer`
(`customer_id`, `customer_code`, `customer_name`, `customer_short_name`, `contact_name`, `phone_number`, `telephone`,
 `email`, `tax_no`, `bank_name`, `bank_account`, `bank_address`, `province`, `city`, `district`,
 `detail_address`, `delivery_address`, `invoice_address`, `settlement_type`, `default_payment_method`,
 `default_tax_rate`, `credit_limit`, `owner_user_id`, `owner_user_name`, `customer_state`, `remark`)
VALUES
    (601, 'KH000601', '测试客户1', '测试客户1', '张经理', '13800000001', '0571-86000001',
     'test1@demo.com', '91330100TEST0001', '中国工商银行杭州分行', '622200000000000001', '杭州市滨江区支行',
     '浙江省', '杭州市', '滨江区', '滨江区江南大道1号', '杭州市滨江区仓储路1号', '杭州市滨江区开票路1号',
     2, 2, 13.00, 50000.00, 10001, '集鱼科技', 1, '默认测试客户'),

    (602, 'KH000602', '浙江辰泰机械制造有限公司', '辰泰机械', '李总', '13800000002', '0571-86000002',
     'chentai@demo.com', '91330100TEST0002', '中国建设银行杭州分行', '622700000000000002', '杭州市西湖区支行',
     '浙江省', '杭州市', '西湖区', '西湖区振华路88号', '杭州市余杭区发货路2号', '杭州市西湖区财务路2号',
     2, 2, 13.00, 100000.00, 10001, '集鱼科技', 1, '老客户'),

    (603, 'KH000603', '浙江雁杰建筑模板有限公司', '雁杰模板', '王总', '13800000003', '0571-86000003',
     'yanjie@demo.com', '91330100TEST0003', '中国农业银行杭州分行', '622800000000000003', '杭州市拱墅区支行',
     '浙江省', '杭州市', '拱墅区', '拱墅区康桥路66号', '杭州市临平区物流路3号', '杭州市拱墅区开票路3号',
     1, 2, 13.00, 30000.00, 10002, '生产管理员', 1, '建筑行业客户'),

    (604, 'KH000604', '衢州市衢江区开钻机械有限公司', '开钻机械', '赵厂长', '13800000004', '0570-86000004',
     'kaizuan@demo.com', '91330800TEST0004', '中国银行衢州分行', '621600000000000004', '衢州市衢江区支行',
     '浙江省', '衢州市', '衢江区', '衢江区工业园区8号', '衢州市衢江区厂区路4号', '衢州市衢江区财务路4号',
     1, 2, 13.00, 20000.00, 10002, '生产管理员', 1, '机械行业客户'),

    (605, 'KH000605', '南通弘扬机电设备工程有限公司', '南通弘扬', '陈经理', '13800000005', '0513-86000005',
     'hongyang@demo.com', '91320600TEST0005', '招商银行南通分行', '621483000000000005', '南通市崇川区支行',
     '江苏省', '南通市', '崇川区', '崇川区工农路168号', '南通市开发区仓储路5号', '南通市崇川区开票路5号',
     2, 2, 13.00, 80000.00, 10003, '徐小芳', 1, '订单报表测试客户');


/* =========================
   2. 产品主表
   ========================= */
INSERT INTO `sales_product`
(`product_id`, `product_code`, `product_name`, `product_alias`, `product_spec`, `unit_name`, `product_category`,
 `workshop_type`, `tax_rate`, `default_price`, `default_tax_price`, `safe_stock_quantity`,
 `current_stock_quantity`, `product_state`, `remark`)
VALUES
    (2000001, '0203000006', '特快铁红底漆', '铁红底漆', '--', 'kg', '工业漆',
     2, 13.00, 13.2743, 15.0000, 100.0000, 15022.3900, 1, '热销产品'),

    (2000002, '0103030052', 'ZSG100-11-A+甄选真石漆', '真石漆', '35kg/桶', '桶', '真石漆',
     1, 13.00, 35.3982, 40.0000, 10.0000, 0.0000, 1, '真石漆类产品'),

    (2000003, '0203090096', '2866G白色脂肪族面漆（调漆用）', '2866G面漆', '--', 'kg', '面漆',
     2, 13.00, 0.8938, 1.0100, 50.0000, 0.0000, 1, '调漆用'),

    (2000004, '0203120004', '乳白氯磺化聚乙烯面漆', '氯磺化面漆', '--', 'kg', '面漆',
     2, 13.00, 0.8850, 1.0000, 50.0000, 0.0000, 1, ''),

    (2000005, '0203120005', '5022夜蓝色氯磺化聚乙烯面漆', '5022夜蓝面漆', '--', 'kg', '面漆',
     2, 13.00, 0.8850, 1.0000, 50.0000, 78.0000, 1, ''),

    (2000006, '0103010044', 'SGT503+弹性哑光外墙漆', '弹性外墙漆', '27kg/桶', '桶', '外墙漆',
     1, 13.00, 0.8850, 1.0000, 20.0000, 0.0000, 1, '水性产品'),

    (2000007, '0420012', '九里板', '九里板', '--', '个', '辅料',
     3, 13.00, 26.5487, 30.0000, 20.0000, 0.0000, 1, '其他车间用料');


/* =========================
   3. 业务单主表
   ========================= */
INSERT INTO `sales_business_order`
(`business_order_id`, `business_order_no`, `customer_id`, `customer_name`, `order_date`, `delivery_date`,
 `tax_rate`, `item_count`, `total_quantity`, `total_amount`, `total_tax_amount`, `audit_state`, `convert_state`,
 `maker_user_id`, `maker_user_name`, `audit_user_id`, `audit_user_name`, `audit_time`,
 `source_type`, `source_sales_order_id`, `source_contract_no`, `remark`)
VALUES
    (3000001, 'YW20260323001', 601, '测试客户1', '2026-03-23', '2026-03-23',
     13.00, 2, 1001.0000, 13283.15, 15010.00, 1, 2,
     10001, '集鱼科技', 10002, '生产管理员', '2026-03-23 09:10:00',
     0, 0, '', '由销售手工创建，已全部转销售单'),

    (3000002, 'YW20260323002', 602, '浙江辰泰机械制造有限公司', '2026-03-23', '2026-03-23',
     13.00, 1, 1.0000, 35.40, 40.00, 1, 2,
     10001, '集鱼科技', 10002, '生产管理员', '2026-03-23 09:20:00',
     0, 0, '', '真石漆单据'),

    (3000003, 'YW20260318001', 604, '衢州市衢江区开钻机械有限公司', '2026-03-18', '2026-03-18',
     13.00, 1, 10.1400, 8.97, 10.14, 1, 2,
     10002, '生产管理员', 10003, '徐小芳', '2026-03-18 10:30:00',
     0, 0, '', '调漆用面漆业务单');


/* =========================
   4. 业务单明细表
   ========================= */
INSERT INTO `sales_business_order_item`
(`business_order_item_id`, `business_order_id`, `business_order_no`, `line_no`,
 `product_id`, `product_code`, `product_name`, `product_spec`, `unit_name`,
 `quantity`, `tax_rate`, `price`, `tax_price`, `amount`, `tax_amount`, `remark`)
VALUES
    (3100001, 3000001, 'YW20260323001', 1,
     2000001, '0203000006', '特快铁红底漆', '--', 'kg',
     1000.0000, 13.00, 13.2743, 15.0000, 13274.30, 15000.00, '测试客户1主产品'),

    (3100002, 3000001, 'YW20260323001', 2,
     2000002, '0103030052', 'ZSG100-11-A+甄选真石漆', '35kg/桶', '桶',
     1.0000, 13.00, 8.8500, 10.0000, 8.85, 10.00, '附带产品'),

    (3100003, 3000002, 'YW20260323002', 1,
     2000002, '0103030052', 'ZSG100-11-A+甄选真石漆', '35kg/桶', '桶',
     1.0000, 13.00, 35.4000, 40.0000, 35.40, 40.00, '辰泰机械订单'),

    (3100004, 3000003, 'YW20260318001', 1,
     2000003, '0203090096', '2866G白色脂肪族面漆（调漆用）', '--', 'kg',
     10.1400, 13.00, 0.8846, 1.0000, 8.97, 10.14, '开钻机械订单');


/* =========================
   5. 销售单主表
   ========================= */
INSERT INTO `sales_order`
(`sales_order_id`, `contract_no`, `business_order_id`, `business_order_no`, `source_type`,
 `source_sales_order_id`, `source_contract_no`, `customer_id`, `customer_name`, `customer_tax_no`,
 `order_type`, `order_date`, `delivery_date`, `audit_state`, `order_state`, `ship_state`,
 `invoice_state`, `payment_state`, `reconcile_state`, `after_sale_state`, `current_step`,
 `tax_rate`, `item_count`, `total_quantity`, `total_amount`, `total_tax_amount`, `discount_rate`,
 `discount_amount`, `logistics_fee`, `other_fee`, `shipped_quantity`, `production_quantity`,
 `reported_quantity`, `stocked_quantity`, `received_amount`, `receivable_amount`, `unpaid_amount`,
 `opened_invoice_amount`, `payment_method`, `invoice_required`, `load_date`,
 `drawer_user_id`, `drawer_user_name`, `salesperson_user_id`, `salesperson_user_name`,
 `audit_user_id`, `audit_user_name`, `audit_time`, `print_count`, `remark`)
VALUES
    (4000001, 'SO-2026-03-0158', 3000001, 'YW20260323001', 1,
     0, '', 601, '测试客户1', '91330100TEST0001',
     1, '2026-03-23', '2026-03-23', 1, 2, 0,
     0, 2, 0, 0, 2,
     13.00, 2, 1001.0000, 13283.15, 15010.00, 0.00,
     0.00, 0.00, 0.00, 0.0000, 1000.0000,
     1000.0000, 1000.0000, 15010.00, 15010.00, 0.00,
     0.00, 2, 1, '2026-03-23',
     10001, '集鱼科技', 10001, '集鱼科技',
     10002, '生产管理员', '2026-03-23 11:00:00', 1, '测试客户1订单'),

    (4000002, 'SO-2026-03-0157', 3000002, 'YW20260323002', 1,
     0, '', 602, '浙江辰泰机械制造有限公司', '91330100TEST0002',
     1, '2026-03-23', '2026-03-23', 1, 6, 0,
     0, 0, 0, 0, 5,
     13.00, 1, 1.0000, 35.40, 40.00, 0.00,
     0.00, 0.00, 0.00, 0.0000, 1.0000,
     1.0000, 1.0000, 0.00, 40.00, 40.00,
     0.00, 2, 1, '2026-03-23',
     10001, '集鱼科技', 10001, '集鱼科技',
     10002, '生产管理员', '2026-03-23 11:05:00', 1, '辰泰机械订单'),

    (4000003, 'SO-2026-03-0156', 0, '', 0,
     0, '', 603, '浙江雁杰建筑模板有限公司', '91330100TEST0003',
     1, '2026-03-23', '2026-03-23', 1, 6, 0,
     0, 0, 0, 0, 5,
     13.00, 1, 1.0000, 0.88, 1.00, 0.00,
     0.00, 0.00, 0.00, 0.0000, 1.0000,
     1.0000, 1.0000, 0.00, 1.00, 1.00,
     0.00, 2, 1, '2026-03-23',
     10001, '集鱼科技', 10001, '集鱼科技',
     10002, '生产管理员', '2026-03-23 11:10:00', 0, '雁杰模板小额订单'),

    (4000004, 'SO-2026-03-0154', 3000003, 'YW20260318001', 1,
     0, '', 604, '衢州市衢江区开钻机械有限公司', '91330800TEST0004',
     1, '2026-03-18', '2026-03-18', 1, 7, 2,
     2, 1, 1, 0, 5,
     13.00, 1, 10.1400, 8.97, 10.14, 0.00,
     0.00, 0.00, 0.00, 10.1400, 10.1400,
     10.1400, 10.1400, 5.00, 10.14, 5.14,
     10.14, 2, 1, '2026-03-18',
     10002, '生产管理员', 10002, '生产管理员',
     10003, '徐小芳', '2026-03-18 12:00:00', 2, '已完成订单'),

    (4000005, 'SO-2026-03-0143', 0, '', 0,
     0, '', 605, '南通弘扬机电设备工程有限公司', '91320600TEST0005',
     1, '2026-03-14', '2026-03-14', 1, 1, 0,
     0, 0, 0, 0, 1,
     13.00, 3, 550.0000, 3414.16, 3858.00, 0.00,
     0.00, 120.00, 0.00, 0.0000, 0.0000,
     0.0000, 0.0000, 0.00, 3978.00, 3978.00,
     0.00, 2, 1, NULL,
     10003, '徐小芳', 10003, '徐小芳',
     0, '', NULL, 0, '订单报表页测试数据');


/* =========================
   6. 销售单明细表
   ========================= */
INSERT INTO `sales_order_item`
(`sales_order_item_id`, `sales_order_id`, `contract_no`, `line_no`, `customer_id`, `customer_name`, `order_date`,
 `product_id`, `product_code`, `product_name`, `product_spec`, `unit_name`, `workshop_type`,
 `quantity`, `production_quantity`, `reported_quantity`, `stocked_quantity`, `shipped_quantity`,
 `return_quantity`, `invoice_quantity`, `expected_stock_quantity`,
 `tax_rate`, `price`, `tax_price`, `amount`, `tax_amount`, `is_gift`, `remark`)
VALUES
    (4100001, 4000001, 'SO-2026-03-0158', 1, 601, '测试客户1', '2026-03-23',
     2000001, '0203000006', '特快铁红底漆', '--', 'kg', 2,
     1000.0000, 1000.0000, 1000.0000, 1000.0000, 0.0000,
     0.0000, 0.0000, 15022.3900,
     13.00, 13.2743, 15.0000, 13274.30, 15000.00, 0, '主产品'),

    (4100002, 4000001, 'SO-2026-03-0158', 2, 601, '测试客户1', '2026-03-23',
     2000002, '0103030052', 'ZSG100-11-A+甄选真石漆', '35kg/桶', '桶', 1,
     1.0000, 0.0000, 0.0000, 0.0000, 0.0000,
     0.0000, 0.0000, 0.0000,
     13.00, 8.8500, 10.0000, 8.85, 10.00, 0, '附带产品'),

    (4100003, 4000002, 'SO-2026-03-0157', 1, 602, '浙江辰泰机械制造有限公司', '2026-03-23',
     2000002, '0103030052', 'ZSG100-11-A+甄选真石漆', '35kg/桶', '桶', 1,
     1.0000, 1.0000, 1.0000, 1.0000, 0.0000,
     0.0000, 0.0000, 0.0000,
     13.00, 35.4000, 40.0000, 35.40, 40.00, 0, '辰泰机械订单'),

    (4100004, 4000003, 'SO-2026-03-0156', 1, 603, '浙江雁杰建筑模板有限公司', '2026-03-23',
     2000001, '0203000006', '特快铁红底漆', '--', 'kg', 2,
     1.0000, 1.0000, 1.0000, 1.0000, 0.0000,
     0.0000, 0.0000, 15022.3900,
     13.00, 0.8850, 1.0000, 0.88, 1.00, 0, '小额单'),

    (4100005, 4000004, 'SO-2026-03-0154', 1, 604, '衢州市衢江区开钻机械有限公司', '2026-03-18',
     2000003, '0203090096', '2866G白色脂肪族面漆（调漆用）', '--', 'kg', 2,
     10.1400, 10.1400, 10.1400, 10.1400, 10.1400,
     0.0000, 10.1400, 0.0000,
     13.00, 0.8846, 1.0000, 8.97, 10.14, 0, '已完成订单'),

    (4100006, 4000005, 'SO-2026-03-0143', 1, 605, '南通弘扬机电设备工程有限公司', '2026-03-14',
     2000006, '0103010044', 'SGT503+弹性哑光外墙漆', '27kg/桶', '桶', 1,
     120.0000, 0.0000, 0.0000, 0.0000, 0.0000,
     0.0000, 0.0000, 0.0000,
     13.00, 10.6195, 12.0000, 1274.34, 1440.00, 0, '订单报表测试'),

    (4100007, 4000005, 'SO-2026-03-0143', 2, 605, '南通弘扬机电设备工程有限公司', '2026-03-14',
     2000001, '0203000006', '特快铁红底漆', '--', 'kg', 2,
     180.0000, 0.0000, 0.0000, 0.0000, 0.0000,
     0.0000, 0.0000, 15022.3900,
     13.00, 17.6991, 20.0000, 3185.84, 3600.00, 0, '订单报表测试'),

    (4100008, 4000005, 'SO-2026-03-0143', 3, 605, '南通弘扬机电设备工程有限公司', '2026-03-14',
     2000007, '0420012', '九里板', '--', '个', 3,
     250.0000, 0.0000, 0.0000, 0.0000, 0.0000,
     0.0000, 0.0000, 0.0000,
     13.00, 3.8160, 4.2720, 954.00, 1068.00, 0, '其他车间产品');


/* =========================
   第2批测试数据
   涉及表：
   1. sales_order_progress_log
   2. sales_outbound
   3. sales_outbound_item
   4. sales_invoice
   5. sales_invoice_bind
   6. sales_receipt
   7. sales_receipt_bind
   ========================= */

SET NAMES utf8mb4;

/* =========================
   1. 销售单进度日志表
   ========================= */
INSERT INTO `sales_order_progress_log`
(`progress_log_id`, `sales_order_id`, `contract_no`, `step_code`, `step_name`, `step_state`,
 `start_time`, `finish_time`, `operator_user_id`, `operator_user_name`, `related_no`, `remark`)
VALUES
    (5100001, 4000001, 'SO-2026-03-0158', 1, '销售', 2,
     '2026-03-23 08:30:00', '2026-03-23 08:40:00', 10001, '集鱼科技', 'SO-2026-03-0158', '销售下单完成'),
    (5100002, 4000001, 'SO-2026-03-0158', 2, '生产', 2,
     '2026-03-23 08:45:00', '2026-03-23 11:00:00', 10002, '生产管理员', 'SC-20260323001', '主产品已生产完成'),
    (5100003, 4000001, 'SO-2026-03-0158', 3, '报工', 2,
     '2026-03-23 11:10:00', '2026-03-23 11:30:00', 10002, '生产管理员', 'BG-20260323001', '报工完成'),
    (5100004, 4000001, 'SO-2026-03-0158', 4, '入库', 2,
     '2026-03-23 11:35:00', '2026-03-23 11:50:00', 10002, '生产管理员', 'RK-20260323001', '主产品入库完成'),
    (5100005, 4000001, 'SO-2026-03-0158', 5, '发货', 0,
     NULL, NULL, 0, '', '', '尚未发货'),

    (5100006, 4000002, 'SO-2026-03-0157', 1, '销售', 2,
     '2026-03-23 08:50:00', '2026-03-23 09:00:00', 10001, '集鱼科技', 'SO-2026-03-0157', '销售下单完成'),
    (5100007, 4000002, 'SO-2026-03-0157', 2, '生产', 2,
     '2026-03-23 09:05:00', '2026-03-23 10:30:00', 10002, '生产管理员', 'SC-20260323002', '已生产完成'),
    (5100008, 4000002, 'SO-2026-03-0157', 3, '报工', 2,
     '2026-03-23 10:35:00', '2026-03-23 10:45:00', 10002, '生产管理员', 'BG-20260323002', '报工完成'),
    (5100009, 4000002, 'SO-2026-03-0157', 4, '入库', 2,
     '2026-03-23 10:50:00', '2026-03-23 11:00:00', 10002, '生产管理员', 'RK-20260323002', '入库完成'),
    (5100010, 4000002, 'SO-2026-03-0157', 5, '发货', 1,
     '2026-03-23 14:00:00', NULL, 10003, '徐小芳', 'CK-20260323001', '等待正式发货'),

    (5100011, 4000004, 'SO-2026-03-0154', 1, '销售', 2,
     '2026-03-18 08:10:00', '2026-03-18 08:20:00', 10002, '生产管理员', 'SO-2026-03-0154', '销售下单完成'),
    (5100012, 4000004, 'SO-2026-03-0154', 2, '生产', 2,
     '2026-03-18 08:25:00', '2026-03-18 09:20:00', 10002, '生产管理员', 'SC-20260318001', '生产完成'),
    (5100013, 4000004, 'SO-2026-03-0154', 3, '报工', 2,
     '2026-03-18 09:30:00', '2026-03-18 09:40:00', 10002, '生产管理员', 'BG-20260318001', '报工完成'),
    (5100014, 4000004, 'SO-2026-03-0154', 4, '入库', 2,
     '2026-03-18 09:45:00', '2026-03-18 10:00:00', 10002, '生产管理员', 'RK-20260318001', '入库完成'),
    (5100015, 4000004, 'SO-2026-03-0154', 5, '发货', 2,
     '2026-03-18 10:20:00', '2026-03-18 11:00:00', 10003, '徐小芳', 'CK-20260318001', '已完成发货');


/* =========================
   2. 产品出库/发货主表
   ========================= */
INSERT INTO `sales_outbound`
(`outbound_id`, `outbound_no`, `sales_order_id`, `contract_no`, `customer_id`, `customer_name`,
 `document_date`, `ship_date`, `order_date`, `audit_state`, `invoice_required`, `invoice_state`,
 `total_quantity`, `total_amount`, `logistics_fee`, `express_no`, `driver_name`, `vehicle_no`,
 `receiver_name`, `receiver_phone`, `receiver_address`, `maker_user_id`, `maker_user_name`,
 `audit_user_id`, `audit_user_name`, `audit_time`, `print_count`, `print_without_price_count`, `remark`)
VALUES
    (6000001, 'CK-2026-03-18001', 4000004, 'SO-2026-03-0154', 604, '衢州市衢江区开钻机械有限公司',
     '2026-03-18', '2026-03-18', '2026-03-18', 1, 1, 2,
     10.1400, 10.14, 0.00, 'KD202603180001', '王师傅', '浙H-A1234',
     '赵厂长', '13800000004', '衢州市衢江区厂区路4号', 10003, '徐小芳',
     10002, '生产管理员', '2026-03-18 11:20:00', 2, 1, '已完成订单发货'),

    (6000002, 'CK-2026-03-23001', 4000002, 'SO-2026-03-0157', 602, '浙江辰泰机械制造有限公司',
     '2026-03-23', NULL, '2026-03-23', 0, 1, 0,
     0.0000, 0.00, 180.00, '', '李师傅', '浙A-B5678',
     '李总', '13800000002', '杭州市余杭区发货路2号', 10003, '徐小芳',
     0, '', NULL, 0, 0, '待出库单'),

    (6000003, 'CK-2026-03-25001', 4000001, 'SO-2026-03-0158', 601, '测试客户1',
     '2026-03-25', NULL, '2026-03-23', 0, 1, 0,
     0.0000, 0.00, 0.00, '', '', '',
     '张经理', '13800000001', '杭州市滨江区仓储路1号', 10003, '徐小芳',
     0, '', NULL, 0, 0, '为测试客户1预建发货单');


/* =========================
   3. 产品出库/发货明细表
   ========================= */
INSERT INTO `sales_outbound_item`
(`outbound_item_id`, `outbound_id`, `outbound_no`, `sales_order_id`, `sales_order_item_id`,
 `contract_no`, `line_no`, `product_id`, `product_code`, `product_name`, `product_spec`,
 `warehouse_name`, `unit_name`, `outbound_quantity`, `price`, `tax_price`, `amount`, `tax_amount`, `remark`)
VALUES
    (6100001, 6000001, 'CK-2026-03-18001', 4000004, 4100005,
     'SO-2026-03-0154', 1, 2000003, '0203090096', '2866G白色脂肪族面漆（调漆用）', '--',
     '油性成品仓', 'kg', 10.1400, 0.8846, 1.0000, 8.97, 10.14, '完成发货'),

    (6100002, 6000002, 'CK-2026-03-23001', 4000002, 4100003,
     'SO-2026-03-0157', 1, 2000002, '0103030052', 'ZSG100-11-A+甄选真石漆', '35kg/桶',
     '水性成品仓', '桶', 0.0000, 35.4000, 40.0000, 0.00, 0.00, '待出库'),

    (6100003, 6000003, 'CK-2026-03-25001', 4000001, 4100001,
     'SO-2026-03-0158', 1, 2000001, '0203000006', '特快铁红底漆', '--',
     '油性成品仓', 'kg', 0.0000, 13.2743, 15.0000, 0.00, 0.00, '预发货测试'),

    (6100004, 6000003, 'CK-2026-03-25001', 4000001, 4100002,
     'SO-2026-03-0158', 2, 2000002, '0103030052', 'ZSG100-11-A+甄选真石漆', '35kg/桶',
     '水性成品仓', '桶', 0.0000, 8.8500, 10.0000, 0.00, 0.00, '预发货测试');


/* =========================
   4. 发货开票主表
   ========================= */
INSERT INTO `sales_invoice`
(`invoice_id`, `invoice_no`, `customer_id`, `customer_name`, `buyer_tax_no`, `invoice_type`,
 `invoice_date`, `untaxed_amount`, `tax_amount`, `invoice_amount`, `drawer_user_id`,
 `drawer_user_name`, `audit_state`, `audit_user_id`, `audit_user_name`, `audit_time`, `remark`)
VALUES
    (7000001, '26332000001038911596', 604, '衢州市衢江区开钻机械有限公司', '91330800TEST0004', 1,
     '2026-03-18', 8.97, 1.17, 10.14, 10003,
     '徐小芳', 1, 10002, '生产管理员', '2026-03-18 15:00:00', '对应已完成订单'),

    (7000002, '26332000001038911597', 601, '测试客户1', '91330100TEST0001', 1,
     '2026-03-25', 13274.30, 1725.70, 15000.00, 10003,
     '徐小芳', 0, 0, '', NULL, '测试客户1待审核发票');


/* =========================
   5. 发票绑定销售单/出库单关系表
   ========================= */
INSERT INTO `sales_invoice_bind`
(`invoice_bind_id`, `invoice_id`, `invoice_no`, `sales_order_id`, `contract_no`,
 `outbound_id`, `outbound_no`, `bind_amount`, `remark`)
VALUES
    (7100001, 7000001, '26332000001038911596', 4000004, 'SO-2026-03-0154',
     6000001, 'CK-2026-03-18001', 10.14, '开钻机械订单发票绑定'),

    (7100002, 7000002, '26332000001038911597', 4000001, 'SO-2026-03-0158',
     6000003, 'CK-2026-03-25001', 15000.00, '测试客户1预开发票绑定');


/* =========================
   6. 收款主表
   ========================= */
INSERT INTO `sales_receipt`
(`receipt_id`, `receipt_no`, `customer_id`, `customer_name`, `receipt_date`, `receipt_amount`,
 `payment_method`, `bank_name`, `bank_account`, `payer_name`, `maker_user_id`, `maker_user_name`,
 `audit_state`, `audit_user_id`, `audit_user_name`, `audit_time`, `remark`)
VALUES
    (8000001, 'SK-2026-03-18001', 604, '衢州市衢江区开钻机械有限公司', '2026-03-18', 5.00,
     2, '中国银行衢州分行', '621600000000000004', '衢州市衢江区开钻机械有限公司', 10003, '徐小芳',
     1, 10002, '生产管理员', '2026-03-18 16:00:00', '部分收款'),

    (8000002, 'SK-2026-03-23001', 601, '测试客户1', '2026-03-23', 15010.00,
     2, '中国工商银行杭州分行', '622200000000000001', '测试客户1', 10003, '徐小芳',
     1, 10002, '生产管理员', '2026-03-23 16:20:00', '测试客户1全额收款'),

    (8000003, 'SK-2026-03-26001', 605, '南通弘扬机电设备工程有限公司', '2026-03-26', 1000.00,
     5, '招商银行南通分行', '621483000000000005', '南通弘扬机电设备工程有限公司', 10003, '徐小芳',
     0, 0, '', NULL, '南通弘扬预收款待审核');


/* =========================
   7. 收款核销销售单关系表
   ========================= */
INSERT INTO `sales_receipt_bind`
(`receipt_bind_id`, `receipt_id`, `receipt_no`, `sales_order_id`, `contract_no`,
 `bind_amount`, `discount_amount`, `remark`)
VALUES
    (8100001, 8000001, 'SK-2026-03-18001', 4000004, 'SO-2026-03-0154',
     5.00, 0.00, '开钻机械订单部分核销'),

    (8100002, 8000002, 'SK-2026-03-23001', 4000001, 'SO-2026-03-0158',
     15010.00, 0.00, '测试客户1订单全额核销'),

    (8100003, 8000003, 'SK-2026-03-26001', 4000005, 'SO-2026-03-0143',
     1000.00, 0.00, '南通弘扬订单预收款');

/* =========================
   第3批测试数据
   涉及表：
   1. sales_return
   2. sales_return_item
   3. sales_customer_product_price
   4. sales_feedback
   5. sales_after_sale
   ========================= */

SET NAMES utf8mb4;

/* =========================
   1. 物料退货主表
   ========================= */
INSERT INTO `sales_return`
(`return_id`, `return_no`, `related_outbound_id`, `related_outbound_no`, `customer_id`, `customer_name`,
 `return_type`, `actual_stockin_date`, `total_quantity`, `total_amount`, `audit_state`,
 `maker_user_id`, `maker_user_name`, `audit_user_id`, `audit_user_name`, `audit_time`, `remark`)
VALUES
    (9000001, 'TH-2026-03-19001', 6000001, 'CK-2026-03-18001', 604, '衢州市衢江区开钻机械有限公司',
     1, '2026-03-19', 1.1400, 1.14, 1,
     10003, '徐小芳', 10002, '生产管理员', '2026-03-19 10:30:00', '客户施工剩余退回'),

    (9000002, 'TH-2026-03-27001', 6000003, 'CK-2026-03-25001', 601, '测试客户1',
     2, '2026-03-27', 5.0000, 75.00, 0,
     10003, '徐小芳', 0, '', NULL, '测试客户1退货待审核');


/* =========================
   2. 物料退货明细表
   ========================= */
INSERT INTO `sales_return_item`
(`return_item_id`, `return_id`, `return_no`, `line_no`, `sales_order_id`, `sales_order_item_id`,
 `product_id`, `product_code`, `product_name`, `product_spec`, `warehouse_name`, `unit_name`,
 `quantity`, `price`, `amount`, `remark`)
VALUES
    (9100001, 9000001, 'TH-2026-03-19001', 1, 4000004, 4100005,
     2000003, '0203090096', '2866G白色脂肪族面漆（调漆用）', '--', '油性成品仓', 'kg',
     1.1400, 1.0000, 1.14, '部分退货'),

    (9100002, 9000002, 'TH-2026-03-27001', 1, 4000001, 4100001,
     2000001, '0203000006', '特快铁红底漆', '--', '油性成品仓', 'kg',
     5.0000, 15.0000, 75.00, '测试客户1退货待审核');


/* =========================
   3. 客户产品价格表
   ========================= */
INSERT INTO `sales_customer_product_price`
(`customer_product_price_id`, `customer_id`, `customer_name`, `product_id`, `product_name`, `product_spec`,
 `tax_rate`, `price`, `tax_price`, `last_sales_order_id`, `last_contract_no`, `effective_date`,
 `expire_date`, `price_source`, `remark`)
VALUES
    (9200001, 601, '测试客户1', 2000001, '特快铁红底漆', '--',
     13.00, 13.2743, 15.0000, 4000001, 'SO-2026-03-0158', '2026-03-23',
     NULL, 2, '最近成交价回写'),

    (9200002, 601, '测试客户1', 2000002, 'ZSG100-11-A+甄选真石漆', '35kg/桶',
     13.00, 8.8500, 10.0000, 4000001, 'SO-2026-03-0158', '2026-03-23',
     NULL, 2, '最近成交价回写'),

    (9200003, 602, '浙江辰泰机械制造有限公司', 2000002, 'ZSG100-11-A+甄选真石漆', '35kg/桶',
     13.00, 35.4000, 40.0000, 4000002, 'SO-2026-03-0157', '2026-03-23',
     NULL, 2, '辰泰机械专属价格'),

    (9200004, 603, '浙江雁杰建筑模板有限公司', 2000001, '特快铁红底漆', '--',
     13.00, 0.8850, 1.0000, 4000003, 'SO-2026-03-0156', '2026-03-23',
     NULL, 2, '雁杰模板近期价格'),

    (9200005, 604, '衢州市衢江区开钻机械有限公司', 2000003, '2866G白色脂肪族面漆（调漆用）', '--',
     13.00, 0.8846, 1.0000, 4000004, 'SO-2026-03-0154', '2026-03-18',
     NULL, 2, '开钻机械近期价格'),

    (9200006, 605, '南通弘扬机电设备工程有限公司', 2000006, 'SGT503+弹性哑光外墙漆', '27kg/桶',
     13.00, 10.6195, 12.0000, 4000005, 'SO-2026-03-0143', '2026-03-14',
     NULL, 2, '南通弘扬近期价格'),

    (9200007, 605, '南通弘扬机电设备工程有限公司', 2000001, '特快铁红底漆', '--',
     13.00, 17.6991, 20.0000, 4000005, 'SO-2026-03-0143', '2026-03-14',
     NULL, 2, '南通弘扬近期价格'),

    (9200008, 605, '南通弘扬机电设备工程有限公司', 2000007, '九里板', '--',
     13.00, 3.8160, 4.2720, 4000005, 'SO-2026-03-0143', '2026-03-14',
     NULL, 2, '南通弘扬近期价格');


/* =========================
   4. 客户反馈表
   ========================= */
INSERT INTO `sales_feedback`
(`feedback_id`, `feedback_token`, `sales_order_id`, `contract_no`, `customer_id`, `customer_name`,
 `complaint_count`, `complaint_content`, `score_product_quality`, `score_delivery_response`,
 `score_pre_after_service`, `score_price_performance`, `score_customization`,
 `score_cooperation_relation`, `overall_score`, `order_date`, `delivery_date`,
 `drawer_user_id`, `drawer_user_name`, `submit_state`, `submit_time`, `remark`)
VALUES
    (9300001, 'fb_token_so_2026030154', 4000004, 'SO-2026-03-0154', 604, '衢州市衢江区开钻机械有限公司',
     0, '', 5, 5, 5, 5, 4, 5, 4.83, '2026-03-18', '2026-03-18',
     10002, '生产管理员', 1, '2026-03-20 09:00:00', '已填写客户反馈'),

    (9300002, 'fb_token_so_2026030143', 4000005, 'SO-2026-03-0143', 605, '南通弘扬机电设备工程有限公司',
     1, '希望后续发货时间更稳定一些', 4, 3, 4, 4, 4, 5, 4.00, '2026-03-14', '2026-03-14',
     10003, '徐小芳', 1, '2026-03-25 14:20:00', '有轻微投诉记录'),

    (9300003, 'fb_token_so_2026030158', 4000001, 'SO-2026-03-0158', 601, '测试客户1',
     0, '', 0, 0, 0, 0, 0, 0, 0.00, '2026-03-23', '2026-03-23',
     10001, '集鱼科技', 0, NULL, '尚未提交反馈'),

    (9300004, 'fb_token_so_2026030157', 4000002, 'SO-2026-03-0157', 602, '浙江辰泰机械制造有限公司',
     0, '', 0, 0, 0, 0, 0, 0, 0.00, '2026-03-23', '2026-03-23',
     10001, '集鱼科技', 0, NULL, '尚未提交反馈');


/* =========================
   5. 售后服务表
   ========================= */
INSERT INTO `sales_after_sale`
(`after_sale_id`, `after_sale_no`, `sales_order_id`, `contract_no`, `customer_id`, `customer_name`,
 `issue_type`, `issue_title`, `issue_content`, `process_state`,
 `creator_user_id`, `creator_user_name`, `handler_user_id`, `handler_user_name`,
 `close_time`, `remark`)
VALUES
    (9400001, 'SH-2026-03-19001', 4000004, 'SO-2026-03-0154', 604, '衢州市衢江区开钻机械有限公司',
     2, '客户申请部分退货', '客户反馈剩余少量调漆用面漆未使用，申请退回 1.14kg', 2,
     10003, '徐小芳', 10002, '生产管理员', '2026-03-19 15:30:00', '已处理完成'),

    (9400002, 'SH-2026-03-26001', 4000005, 'SO-2026-03-0143', 605, '南通弘扬机电设备工程有限公司',
     1, '客户反馈交付周期偏紧', '客户希望后续订单提前两天确认排产和发货时间', 1,
     10003, '徐小芳', 10001, '集鱼科技', NULL, '处理中'),

    (9400003, 'SH-2026-03-27001', 4000001, 'SO-2026-03-0158', 601, '测试客户1',
     4, '测试客户质量咨询', '客户咨询特快铁红底漆批次使用建议，目前仅记录咨询', 0,
     10001, '集鱼科技', 0, '', NULL, '待处理');

/* =========================
   第4批测试数据
   涉及表：
   1. sales_report_order_month
   2. sales_report_customer_month
   3. sales_report_customer_day
   ========================= */

SET NAMES utf8mb4;

/* =========================
   1. 订单分析月汇总表
   ========================= */
INSERT INTO `sales_report_order_month`
(`report_order_month_id`, `stat_year`, `stat_month`, `total_product_quantity`, `total_ship_quantity`,
 `total_order_count`, `total_amount`, `remark`)
VALUES
    (9500001, 2026, 2, 820.0000, 760.0000, 12, 25680.00, '2026年2月订单月汇总测试数据'),
    (9500002, 2026, 3, 1563.1400, 10.1400, 5, 17342.38, '2026年3月订单月汇总，口径参考当前测试订单数据'),
    (9500003, 2026, 4, 980.0000, 320.0000, 8, 22150.00, '2026年4月订单月汇总测试数据');


/* =========================
   2. 客户分析月汇总表
   ========================= */
INSERT INTO `sales_report_customer_month`
(`report_customer_month_id`, `stat_year`, `stat_month`, `customer_id`, `customer_name`,
 `total_order_quantity`, `total_ship_quantity`, `total_order_count`, `total_amount`,
 `closing_debt_amount`, `current_debt_amount`, `remark`)
VALUES
    (9600001, 2026, 3, 601, '测试客户1',
     1001.0000, 0.0000, 1, 15010.00, 0.00, 0.00, '测试客户1月汇总，已全额收款'),

    (9600002, 2026, 3, 602, '浙江辰泰机械制造有限公司',
     1.0000, 0.0000, 1, 40.00, 40.00, 40.00, '辰泰机械月汇总，未收款'),

    (9600003, 2026, 3, 603, '浙江雁杰建筑模板有限公司',
     1.0000, 0.0000, 1, 1.00, 1.00, 1.00, '雁杰模板月汇总，未收款'),

    (9600004, 2026, 3, 604, '衢州市衢江区开钻机械有限公司',
     10.1400, 10.1400, 1, 10.14, 5.14, 5.14, '开钻机械月汇总，部分收款'),

    (9600005, 2026, 3, 605, '南通弘扬机电设备工程有限公司',
     550.0000, 0.0000, 1, 3978.00, 2978.00, 2978.00, '南通弘扬月汇总，存在预收款'),

    (9600006, 2026, 2, 601, '测试客户1',
     300.0000, 260.0000, 2, 4200.00, 1200.00, 1200.00, '测试客户1历史月汇总'),

    (9600007, 2026, 2, 605, '南通弘扬机电设备工程有限公司',
     180.0000, 180.0000, 1, 3600.00, 0.00, 0.00, '南通弘扬历史月汇总');


/* =========================
   3. 销售报表日报汇总表
   ========================= */
INSERT INTO `sales_report_customer_day`
(`report_customer_day_id`, `stat_date`, `customer_id`, `customer_name`,
 `water_workshop_quantity`, `oil_workshop_quantity`, `other_quantity`,
 `received_amount`, `unpaid_amount`, `remark`)
VALUES
    (9700001, '2026-03-14', 605, '南通弘扬机电设备工程有限公司',
     120.0000, 180.0000, 250.0000, 0.00, 3978.00, '订单创建当日，未收款'),

    (9700002, '2026-03-18', 604, '衢州市衢江区开钻机械有限公司',
     0.0000, 10.1400, 0.0000, 5.00, 5.14, '完成发货并部分收款'),

    (9700003, '2026-03-19', 604, '衢州市衢江区开钻机械有限公司',
     0.0000, -1.1400, 0.0000, 0.00, 5.14, '退货回仓影响日报数量'),

    (9700004, '2026-03-23', 601, '测试客户1',
     1.0000, 1000.0000, 0.0000, 15010.00, 0.00, '测试客户1当日下单并全额收款'),

    (9700005, '2026-03-23', 602, '浙江辰泰机械制造有限公司',
     1.0000, 0.0000, 0.0000, 0.00, 40.00, '辰泰机械当日订单'),

    (9700006, '2026-03-23', 603, '浙江雁杰建筑模板有限公司',
     0.0000, 1.0000, 0.0000, 0.00, 1.00, '雁杰模板当日订单'),

    (9700007, '2026-03-25', 601, '测试客户1',
     0.0000, 0.0000, 0.0000, 0.00, 0.00, '测试客户1预开发票日'),

    (9700008, '2026-03-26', 605, '南通弘扬机电设备工程有限公司',
     0.0000, 0.0000, 0.0000, 1000.00, 2978.00, '南通弘扬预收款后日报'),

    (9700009, '2026-03-27', 601, '测试客户1',
     0.0000, -5.0000, 0.0000, 0.00, 0.00, '测试客户1退货待审核日报测试');